"","agree_rate","agree_vote","disagree_vote","valid_vote","vote_rate","is_municipality","is_offshoreIsland","location","gender_ratio","young_ratio","middle_ratio","old_ratio","young_old_ratio","age_med","married_ratio","college_ratio","salary_med"
"連江縣南竿鄉",0.247882020709131,790,2397,3187,0.508899551153072,"0","1","offshore island",1.32375134746676,0.232565331683934,0.643575073449822,0.123859594866244,1.87765293383271,45,0.658103061986557,0.401941747572816,1022
"連江縣莒光鄉",0.244385733157199,185,572,757,0.529372045914922,"0","1","offshore island",1.58188153310105,0.206477732793522,0.645074224021592,0.148448043184885,1.39090909090909,48,0.703877005347594,0.348262032085562,948
"連江縣北竿鄉",0.229553903345725,247,829,1076,0.522352941176471,"0","1","offshore island",1.29341963322546,0.213546566321731,0.632173095014111,0.154280338664158,1.38414634146341,47,0.682803135085293,0.363762102351314,918
"連江縣東引鄉",0.487410071942446,271,285,556,0.507029876977153,"0","1","offshore island",1.45064377682403,0.257443082311734,0.645359019264448,0.0971978984238179,2.64864864864865,42,0.658682634730539,0.364414029084688,965
"金門縣金沙鎮",0.190865384615385,1191,5049,6240,0.354310344827586,"0","1","offshore island",0.960916869124327,0.21342383107089,0.624488256841198,0.162087912087912,1.31671651711532,49,0.696382632435554,0.362839292276999,874
"金門縣烏坵鄉",0.229813664596273,37,124,161,0.291005291005291,"0","1","offshore island",1.03225806451613,0.239858906525573,0.63668430335097,0.123456790123457,1.94285714285714,45,0.6738768718802,0.402662229617304,923
"金門縣烈嶼鄉",0.20241023118544,823,3243,4066,0.364765330592669,"0","1","offshore island",0.971337042657225,0.212880602121108,0.630944235374615,0.156175162504276,1.36308871851041,48,0.704187604690117,0.350837520938023,850
"金門縣金城鎮",0.255522008580963,3216,9370,12586,0.350099166997223,"0","1","offshore island",0.976586181666144,0.214225277630883,0.638180856689582,0.147593865679535,1.45145109279828,47,0.684264690748173,0.429633631779356,938
"金門縣金湖鎮",0.234390540391203,2121,6928,9049,0.366621647694385,"0","1","offshore island",0.990631239440946,0.219157472417252,0.640228377440012,0.140614150142736,1.55857338820302,46,0.684855733293467,0.402526536104051,906
"金門縣金寧鄉",0.31032714593375,3026,6725,9751,0.361799588097436,"0","1","offshore island",1.00705228665052,0.306477373558119,0.570576752440107,0.122945874001775,2.49278290993072,43,0.617298005933899,0.375526116056027,914
"宜蘭縣冬山鄉",0.329731840666493,7599,15447,23046,0.539389935029182,"0","0","county",1.05058207742983,0.21527120695346,0.603476730113324,0.181252062933216,1.18768969284934,47,0.671049272402349,0.309590673134201,739
"宜蘭縣三星鄉",0.317833698030635,2905,6235,9140,0.524276940843,"0","0","county",1.16055668703327,0.1961770096884,0.587954962031946,0.215868028279654,0.908782144590005,50,0.684419148287428,0.251143408883017,733
"宜蘭縣羅東鎮",0.345472030774163,10777,20418,31195,0.575512256006657,"0","0","county",0.862133479565175,0.215562638580931,0.598981430155211,0.185455931263858,1.16233887539697,47,0.65369289528943,0.374729253815248,811
"宜蘭縣大同鄉",0.206154987022618,556,2141,2697,0.585410334346505,"0","0","county",1.18233995584989,0.247420594780498,0.636253287477241,0.116326117742262,2.12695652173913,44,0.695989149389653,0.130013563262934,624
"宜蘭縣壯圍鄉",0.351128818061089,3966,7329,11295,0.578682333193454,"0","0","county",1.12397348372415,0.219825779102809,0.59598453440164,0.184189686495551,1.19347496206373,47,0.666816749212067,0.255875731652409,713
"宜蘭縣頭城鎮",0.325709345280201,4144,8579,12723,0.549074995026855,"0","0","county",1.05685536649215,0.208726086783598,0.593206856779223,0.198067056437179,1.05381526104418,48,0.675484737953542,0.248569783067767,791
"宜蘭縣五結鄉",0.332360013740983,5805,11661,17466,0.536455347930758,"0","0","county",1.06242986238261,0.21756064033907,0.604198287465277,0.178241072195653,1.22059768637532,47,0.665797431131578,0.307875828779094,722
"宜蘭縣宜蘭市",0.336261245307077,14241,28110,42351,0.566195510755744,"0","0","county",0.925447871849097,0.221875749580235,0.601116006615243,0.177008243804522,1.25347692746594,46,0.641370038877518,0.386013782746133,828
"宜蘭縣員山鄉",0.335710683668324,4660,9221,13881,0.538089651985354,"0","0","county",1.12341676718938,0.223894905023966,0.592508432451624,0.18359666252441,1.21949332817637,47,0.662922887275716,0.263696753869333,757
"宜蘭縣礁溪鄉",0.32627280847263,5114,10560,15674,0.540535323639171,"0","0","county",1.08081550802139,0.212984676668059,0.589482476147644,0.197532847184298,1.07822410147992,48,0.665979317024401,0.29131127565845,732
"宜蘭縣蘇澳鎮",0.325916746465386,5786,11967,17753,0.561369958275382,"0","0","county",1.03221066243461,0.197662983745011,0.589142129924221,0.213194886330769,0.927146927146927,49,0.681542436667977,0.241139133853845,694
"宜蘭縣南澳鄉",0.184300341296928,486,2151,2637,0.605512489233419,"0","0","county",1.09037769784173,0.265433426543343,0.620133362013336,0.114433211443321,2.31954887218045,43,0.691625412541254,0.146658415841584,633
"新竹縣橫山鄉",0.260590500641849,1624,4608,6232,0.591485986250661,"0","0","county",1.19521604938272,0.199472759226714,0.553339191564148,0.247188049209139,0.806967650195521,50,0.680791201295933,0.255435245971524,726
"新竹縣北埔鄉",0.279699590350478,1229,3165,4394,0.567481662591687,"0","0","county",1.19175147295126,0.213098729227761,0.551564027370479,0.23533724340176,0.905503634475597,50,0.68271954674221,0.259678942398489,727
"新竹縣峨眉鄉",0.245808062789868,689,2114,2803,0.602999210734017,"0","0","county",1.2239263803681,0.181083743842365,0.534778325123153,0.284137931034483,0.637309292649098,53,0.716940948693127,0.243949661181026,735
"新竹縣尖石鄉",0.190756302521008,681,2889,3570,0.511678435632808,"0","0","county",1.11756251796493,0.277182027962536,0.613546898330392,0.109271073707072,2.53664596273292,41,0.664447573934195,0.139162719242094,671
"新竹縣芎林鄉",0.287570151735606,2767,6855,9622,0.589429248829006,"0","0","county",1.12546034863737,0.230564860806284,0.56965461476262,0.199780524431096,1.15409077768141,48,0.667554371948513,0.355082112738571,927
"新竹縣竹東鎮",0.299603809336319,12175,28462,40637,0.540992969007792,"0","0","county",0.990537710378239,0.226640637874428,0.610861105125052,0.16249825700052,1.39472657773617,45,0.662235942134253,0.39015798075177,975
"新竹縣關西鎮",0.272857358035849,3623,9655,13278,0.569116218841049,"0","0","county",1.16010819300236,0.199862665104819,0.562830714545381,0.2373066203498,0.842212765957447,50,0.676851815810984,0.279786695730022,796
"新竹縣新埔鎮",0.280132192846034,4323,11109,15432,0.56420017996816,"0","0","county",1.14709811488793,0.214068441064639,0.571448323539578,0.214483235395783,0.998066075745367,49,0.675276876233814,0.328704788034932,844
"新竹縣寶山鄉",0.313209637219607,2262,4960,7222,0.58344253449472,"0","0","county",1.18570227081581,0.229413575496383,0.602508850238572,0.168077574265045,1.36492673992674,47,0.676885209219065,0.38144253002163,1235
"新竹縣湖口鄉",0.287180241105557,9767,24243,34010,0.562453748169608,"0","0","county",1.01099943106391,0.234219791273733,0.617267069030555,0.148513139695712,1.57709810561964,44,0.659356351556511,0.345558945991853,796
"新竹縣新豐鄉",0.290108811257465,7092,17354,24446,0.560056780956541,"0","0","county",1.04490069180986,0.234852453291427,0.629692683778593,0.135454862929981,1.73380599419916,43,0.661925419204138,0.356719779761408,856
"新竹縣五峰鄉",0.206190975865687,393,1513,1906,0.496372279209407,"0","0","county",1.18246187363834,0.211879211380085,0.658347891190417,0.129772897429498,1.63269230769231,46,0.709927360774818,0.120823244552058,628
"新竹縣竹北市",0.351587744455547,27093,49966,77059,0.58312246133203,"0","0","county",0.960002286400206,0.194905183035747,0.700530041776333,0.104564775187921,1.86396597406219,42,0.70028171737119,0.545461450292075,1548
"苗栗縣南庄鄉",0.269040553907023,1088,2956,4044,0.493966302367942,"0","0","county",1.2204843592331,0.18768461713247,0.57930015905476,0.23301522381277,0.805460750853242,50,0.687562189054726,0.188391376451078,677
"苗栗縣通霄鎮",0.292797069994574,4317,10427,14744,0.541250126224376,"0","0","county",1.12437491070153,0.203786528567105,0.571510239768638,0.224703231664257,0.906914097575576,49,0.673814714783118,0.237740392437604,688
"苗栗縣大湖鄉",0.268554062699936,1679,4573,6252,0.534655812850707,"0","0","county",1.12135922330097,0.199242484021147,0.564191588416318,0.236565927562535,0.842228152101401,51,0.692994505494505,0.226419413919414,692
"苗栗縣苑裡鎮",0.276960076960077,5758,15032,20790,0.575983543327333,"0","0","county",1.08792918454936,0.22911688378427,0.587270998740975,0.183612117474755,1.24783095438007,47,0.663972714465782,0.248263760164109,703
"苗栗縣竹南鎮",0.307436700170264,11195,25219,36414,0.560267335979454,"0","0","county",0.998426298303899,0.215606498089655,0.639309359232362,0.145084142677983,1.48607900291487,43,0.668138449752768,0.376530399052859,894
"苗栗縣頭屋鄉",0.274727178243548,1586,4187,5773,0.651970181043663,"0","0","county",1.11719630380888,0.191611667021503,0.587502661273153,0.220885671705344,0.867469879518072,49,0.69323245932221,0.268939786506374,748
"苗栗縣泰安鄉",0.222392168858978,727,2542,3269,0.66969111969112,"0","0","county",1.15371832156211,0.221064814814815,0.625964506172839,0.152970679012346,1.44514501891551,47,0.708098987626547,0.150731158605174,713
"苗栗縣頭份市",0.284244829191514,12822,32287,45109,0.566894291830609,"0","0","county",1.00642377756472,0.218449849476753,0.628147847278635,0.153402303244612,1.42403239623082,44,0.670861623574058,0.362103650869853,857
"苗栗縣卓蘭鎮",0.276724137931035,2247,5873,8120,0.588072028161386,"0","0","county",1.10573502205778,0.188957221058323,0.579239034939515,0.231803744002163,0.815160349854227,50,0.686974789915966,0.237920168067227,686
"苗栗縣苗栗市",0.28081957604767,11499,29449,40948,0.578687928456949,"0","0","county",0.980762569609123,0.211366693570083,0.591875168146355,0.196758138283562,1.07424625692213,47,0.659697785137653,0.381766197474643,842
"苗栗縣三義鄉",0.253765932792584,1971,5796,7767,0.586651306789546,"0","0","county",1.10807943004396,0.217372546199756,0.589774933486733,0.192852520313511,1.12714392244594,48,0.670312826586776,0.281334912561834,738
"苗栗縣公館鄉",0.272399819900946,4235,11312,15547,0.59029592485345,"0","0","county",1.09136531365314,0.222916225562848,0.581621850518738,0.195461923918413,1.14045856652825,48,0.666882409047554,0.308591088704183,772
"苗栗縣西湖鄉",0.280569007263923,927,2377,3304,0.553744907552491,"0","0","county",1.2781339031339,0.176020009379397,0.56370173518837,0.260278255432234,0.676276276276276,52,0.712541959108941,0.233902960024413,792
"苗栗縣造橋鄉",0.272650439486139,1613,4303,5916,0.58211662283486,"0","0","county",1.11556151782292,0.206631035419875,0.587643808315971,0.205725156264154,1.00440334654337,49,0.682764654418198,0.268503937007874,725
"苗栗縣銅鑼鄉",0.268005879470848,2188,5976,8164,0.560814315352697,"0","0","county",1.14121237342211,0.207825861622182,0.573594195387406,0.218579942990412,0.950800237107291,50,0.678649577993123,0.282463269771804,729
"苗栗縣後龍鎮",0.29271380641894,4624,11173,15797,0.552959803541424,"0","0","county",1.12837420152483,0.210765805015006,0.580888759802498,0.208345435182496,1.01161710037175,48,0.671842907823489,0.244382896620402,729
"苗栗縣獅潭鄉",0.234787291330102,436,1421,1857,0.514112903225806,"0","0","county",1.28137535816619,0.144687264506405,0.563426274805325,0.291886460688269,0.495697074010327,55,0.728868017795353,0.179683638161147,701
"苗栗縣三灣鄉",0.254372019077901,800,2345,3145,0.577751196172249,"0","0","county",1.22661596958175,0.186987704918033,0.568647540983607,0.244364754098361,0.765199161425577,52,0.706283244680851,0.241356382978723,700
"彰化縣大城鄉",0.241156333206542,1268,3990,5258,0.391014748861551,"0","0","county",1.17808016565597,0.156457965503192,0.563153605867174,0.280388428629635,0.558004359409058,51,0.731619097724582,0.140273576219913,678
"彰化縣竹塘鄉",0.266002180345741,1708,4713,6421,0.54379533577724,"0","0","county",1.11037999670999,0.179826954556084,0.560448982773404,0.259724062670512,0.692376950780312,50,0.709161560304887,0.199895381856225,711
"彰化縣埤頭鄉",0.288220160598737,3697,9130,12827,0.547338084667212,"0","0","county",1.0645472061657,0.20959713796858,0.579639135168767,0.210763726862654,0.994464944649446,47,0.688567477669395,0.250364390626752,736
"彰化縣溪州鄉",0.312505158893933,3786,8329,12115,0.518362527061602,"0","0","county",1.09030347890452,0.196687126219704,0.576723323890463,0.226589549889833,0.868032644556347,48,0.685466213665534,0.223820309550774,713
"彰化縣芳苑鄉",0.25114085792516,3302,9846,13148,0.492130688607422,"0","0","county",1.12460110240789,0.188980678637264,0.565815525363556,0.245203795999181,0.770708617569261,49,0.706210769739016,0.174397092831186,642
"彰化縣鹿港鎮",0.285933597002498,10989,27443,38432,0.582313311112687,"0","0","county",1.01689054015433,0.224242252483315,0.608479403721075,0.16727834379561,1.34053367217281,44,0.654988606770833,0.292751736111111,779
"彰化縣伸港鄉",0.290330568280302,4690,11464,16154,0.56819153484395,"0","0","county",1.02717463700546,0.231896438428177,0.619792351163096,0.148311210408726,1.56357997341604,43,0.660551035154409,0.265652979799566,650
"彰化縣埔心鄉",0.290260422749037,4971,12155,17126,0.617097361851427,"0","0","county",1.0566260049903,0.221851514845145,0.610015839315202,0.168132645839652,1.31950290639407,45,0.661916636978981,0.278330148654338,683
"彰化縣社頭鄉",0.281226286234633,5559,14208,19767,0.578141354046163,"0","0","county",1.0489869631469,0.224012559907453,0.59560403239134,0.180383407701206,1.2418689876317,46,0.663150361790665,0.290466219618861,695
"彰化縣田中鎮",0.273092579062728,5233,13929,19162,0.580147495125879,"0","0","county",1.05278711322285,0.21099726197533,0.582408897168826,0.206593840855844,1.02131438721137,47,0.660308563032298,0.301842126744851,733
"彰化縣彰化市",0.318575133069469,35013,74892,109905,0.605649362548758,"0","0","county",0.949761814899065,0.21839898294976,0.606102301442391,0.17549871560785,1.24444775674467,45,0.650854975314093,0.396549993979047,850
"彰化縣員林市",0.304498896087444,16826,38432,55258,0.569872976045791,"0","0","county",0.968577601172794,0.220028416050169,0.606388711969036,0.173582871980795,1.26756985605419,45,0.651020715064476,0.375888191285387,876
"彰化縣和美鎮",0.305500982318271,12440,28280,40720,0.570198974576947,"0","0","county",1.02375194798216,0.226274561869357,0.622145512480085,0.151579925650558,1.49277393360778,44,0.650943155748152,0.322457303084374,728
"彰化縣北斗鎮",0.295014856388247,4468,10677,15145,0.585800746566158,"0","0","county",1.00282813633067,0.219595206198631,0.595169991672399,0.185234802128969,1.18549648162627,46,0.659840333217633,0.300416522040958,752
"彰化縣永靖鄉",0.304029304029304,5312,12160,17472,0.597170203911777,"0","0","county",1.06500198176774,0.217434420985285,0.602367242482406,0.18019833653231,1.20663944612107,46,0.659305508565804,0.282379355949928,696
"彰化縣秀水鄉",0.294663060875324,5339,12780,18119,0.595048465765265,"0","0","county",1.05920843656693,0.236441043993336,0.604954649225643,0.158604306781021,1.49076055242171,44,0.654899412129627,0.308528551593749,735
"彰化縣福興鄉",0.281907224183364,5670,14443,20113,0.544219398666499,"0","0","county",1.08443396226415,0.232380377662116,0.596691056297302,0.170928566040582,1.35951750514857,45,0.657499757916142,0.266001743003776,712
"彰化縣溪湖鎮",0.286071255843946,7098,17714,24812,0.583338870799832,"0","0","county",1.0162968254677,0.234416173963108,0.599437542903962,0.16614628313293,1.41090230574437,44,0.655154814562776,0.306928376998979,737
"彰化縣田尾鄉",0.279163439194423,3604,9306,12910,0.594115363044135,"0","0","county",1.05812921547746,0.224742356948816,0.583804061920573,0.191453581130611,1.17387387387387,46,0.661933934928388,0.265088169550459,699
"彰化縣二林鎮",0.267860526814478,5654,15454,21108,0.528108711839166,"0","0","county",1.04844241211775,0.206464364608766,0.574630856877107,0.218904778514126,0.943169747185044,48,0.680944917151814,0.237975817286162,728
"彰化縣線西鄉",0.324642126789366,2540,5284,7824,0.596160682545325,"0","0","county",1.04965055329062,0.225758329189458,0.609860055409533,0.164381615401009,1.3733794295592,45,0.661582459485224,0.265422851695492,660
"彰化縣花壇鄉",0.293105833525478,6356,15329,21685,0.591203370671051,"0","0","county",1.04802942722018,0.22661261353723,0.614076050700467,0.159311335762303,1.42245128039942,45,0.650163059590869,0.308923806700267,719
"彰化縣二水鄉",0.296923283622195,2210,5233,7443,0.605292750581003,"0","0","county",1.09285937989352,0.175982042648709,0.567751589973812,0.256266367377478,0.686715328467153,51,0.688753269398431,0.259590235396687,699
"彰化縣埔鹽鄉",0.251048417842165,3951,11787,15738,0.603832155855277,"0","0","county",1.09916922386049,0.218989553249902,0.577922772489036,0.203087674261062,1.07830056179775,46,0.675613364990881,0.302639276005643,679
"彰化縣大村鄉",0.276055371238989,4826,12656,17482,0.589483043312587,"0","0","county",1.0569079162044,0.229900374389238,0.610698648391395,0.159400977219367,1.44227707006369,45,0.660449925215958,0.285461371752999,1200
"彰化縣芬園鄉",0.308496608892238,3275,7341,10616,0.558163465307722,"0","0","county",1.10925237505163,0.212278468618428,0.579457554097719,0.208263977283854,1.01927597555242,48,0.677135559549711,0.250354744111248,659
"南投縣竹山鎮",0.268415658946505,6548,17847,24395,0.555109070034443,"0","0","county",1.05244800976588,0.195891836778044,0.590054591414066,0.214053571807889,0.91515331944031,48,0.680768205948062,0.254750046116953,694
"南投縣水里鄉",0.272850790513834,2209,5887,8096,0.560227713805149,"0","0","county",1.11217248908297,0.185424473446182,0.580178317612095,0.234397208941724,0.791069459757442,51,0.680012531328321,0.219298245614035,650
"南投縣信義鄉",0.22943949711891,1752,5884,7636,0.618016392209941,"0","0","county",1.16485124370021,0.262015620306398,0.599804746170021,0.138179633523581,1.89619565217391,44,0.654221130930888,0.165378782407742,657
"南投縣國姓鄉",0.25912865430554,2278,6513,8791,0.566608423209014,"0","0","county",1.17767295597484,0.183754512635379,0.591997593261131,0.22424789410349,0.819425811644754,51,0.690579033387812,0.183107634835396,613
"南投縣鹿谷鄉",0.318740592072253,2541,5431,7972,0.534721786588043,"0","0","county",1.14614143586986,0.1834241683894,0.573200526216877,0.243375305393723,0.753667953667954,52,0.717928335575394,0.241531123884065,728
"南投縣魚池鄉",0.311139204944515,2215,4904,7119,0.54635334575154,"0","0","county",1.10723981900452,0.182878820413714,0.581490229761649,0.235630949824637,0.776123936816525,51,0.685511876649535,0.205306292540631,707
"南投縣集集鎮",0.282633808240277,1468,3726,5194,0.580480699198835,"0","0","county",1.0894485453756,0.194201995012469,0.566500415627598,0.239297589359934,0.811550151975684,50,0.693085321471896,0.247573797007683,761
"南投縣草屯鎮",0.285850985168109,13144,32838,45982,0.582607751863197,"0","0","county",1.01363978351091,0.219904059396394,0.599544402661267,0.180551537942339,1.21795727636849,47,0.654170049878204,0.34574875304489,788
"南投縣埔里鎮",0.263821506637522,9897,27617,37514,0.579061413841746,"0","0","county",0.982721382289417,0.209992737835875,0.596920842411038,0.193086419753086,1.08755829697608,48,0.647960966880566,0.266675054872849,699
"南投縣南投市",0.279475533816971,13599,35060,48659,0.607390190683996,"0","0","county",0.983497496415054,0.221081824215417,0.59244334881957,0.186474826965014,1.18558535655269,47,0.650588396278051,0.374053548622514,813
"南投縣名間鄉",0.2696838850685,5059,13700,18759,0.602071360153257,"0","0","county",1.113647862383,0.20759402770713,0.58125130905718,0.21115466323569,0.983137310471872,49,0.67540869967073,0.250736525908382,678
"南投縣中寮鄉",0.264222503160556,1881,5238,7119,0.579394583112055,"0","0","county",1.19946631087392,0.174173491052472,0.577949651198059,0.247876857749469,0.7026613643316,52,0.704148552059539,0.189742833984231,645
"南投縣仁愛鄉",0.269400352733686,1833,4971,6804,0.5702597505759,"0","0","county",1.0656275635767,0.239158061953932,0.626052422557585,0.134789515488483,1.77430760164997,44,0.691518467852257,0.156938744490044,662
"雲林縣虎尾鎮",0.301818922220714,8894,20574,29468,0.535320714494473,"0","0","county",1.01039867339183,0.205248053889643,0.610468613063427,0.18428333304693,1.11376352107423,46,0.665550961475356,0.322635689440179,850
"雲林縣斗六市",0.300665703059791,14769,34352,49121,0.573177660676686,"0","0","county",0.97051597051597,0.224360972568579,0.609480762379765,0.166158265051657,1.35028475711893,45,0.653737223168654,0.370389693356048,876
"雲林縣西螺鎮",0.307853234631477,5739,12903,18642,0.530937024802056,"0","0","county",1.04153508537173,0.205809868386556,0.581852026637303,0.212338104976142,0.969255463637486,47,0.672465732791083,0.255133805291962,747
"雲林縣莿桐鄉",0.308978730313363,3806,8512,12318,0.54989824989825,"0","0","county",1.08362280776074,0.204204448420282,0.586305046151344,0.209490505428374,0.974767080745341,47,0.679206914082359,0.243244300183802,692
"雲林縣土庫鎮",0.299889276892939,3521,8220,11741,0.526216614779617,"0","0","county",1.07799490229397,0.192288821653447,0.580587128955761,0.227124049390792,0.846624662466247,48,0.690303793483394,0.237132063592004,751
"雲林縣古坑鄉",0.283689522113387,3823,9653,13476,0.529242639298322,"0","0","county",1.12723197031769,0.19734738372093,0.56609738372093,0.23655523255814,0.834254992319508,50,0.692175075645627,0.253324889170361,710
"雲林縣水林鄉",0.317075943610732,2789,6007,8796,0.434023458325929,"0","0","county",1.20586797066015,0.159166481933053,0.56333407226779,0.277499445799158,0.573574053363157,52,0.71093413689195,0.176452862677572,687
"雲林縣斗南鎮",0.307847776791876,6245,14041,20286,0.568488122082962,"0","0","county",1.01823852823007,0.21201246824004,0.588050396835791,0.199937134924169,1.06039565046509,48,0.663790493490766,0.316934100312847,751
"雲林縣口湖鄉",0.282349491790461,2889,7343,10232,0.47418674823296,"0","0","county",1.14185902538251,0.170410438516806,0.613882236353126,0.215707325130069,0.790007656967841,49,0.704989763558267,0.177712657059131,640
"雲林縣臺西鄉",0.261707676607325,2308,6511,8819,0.458272189349112,"0","0","county",1.15404992358635,0.171554252199413,0.609781477627471,0.218664270173115,0.784555483452304,49,0.718285133511965,0.187655917952509,712
"雲林縣北港鎮",0.315055598046714,5355,11642,16997,0.54643971965369,"0","0","county",1.06340337665493,0.195461502236873,0.58323522486461,0.221303272898517,0.883229152812874,49,0.665891164954889,0.287039664075356,767
"雲林縣二崙鄉",0.300907911802853,3016,7007,10023,0.476954679676467,"0","0","county",1.15669988925803,0.185537013264869,0.559092854086436,0.255370132648695,0.726541554959786,50,0.704235818677236,0.197795392618281,719
"雲林縣林內鄉",0.307335423197492,2451,5524,7975,0.567166098643174,"0","0","county",1.09528301886792,0.20724255483373,0.582491799060912,0.210265646105358,0.985622514530437,48,0.669436864301662,0.25043413545026,657
"雲林縣四湖鄉",0.273237179487179,2046,5442,7488,0.394986417576133,"0","0","county",1.19080387863622,0.153055396916048,0.602750809061489,0.244193794022463,0.626778405768856,51,0.721460125552197,0.171913508486399,694
"雲林縣元長鄉",0.286602977116196,2580,6422,9002,0.431449846692948,"0","0","county",1.21044487427466,0.16240812040602,0.567859642982149,0.269732236611831,0.602108678021087,52,0.720934197067849,0.184964200477327,685
"雲林縣麥寮鄉",0.290775083214456,4892,11932,16824,0.491015382957515,"0","0","county",0.989282460747013,0.23589785033134,0.621652928182749,0.142449221485911,1.65601361573374,43,0.668763746099944,0.241189708966293,788
"雲林縣崙背鄉",0.308182784272051,2900,6510,9410,0.486413301662708,"0","0","county",1.11702661978905,0.177651245551601,0.581162514827995,0.241186239620403,0.736572890025575,50,0.700128522904618,0.203984210043147,732
"雲林縣褒忠鄉",0.309693971046362,1690,3767,5457,0.515508303312538,"0","0","county",1.1592803030303,0.189193930356986,0.579861415665292,0.230944653977721,0.819217622483859,49,0.689549180327869,0.215163934426229,722
"雲林縣東勢鄉",0.300983825245956,1805,4192,5997,0.498300475866757,"0","0","county",1.24065618129545,0.163333081742018,0.58630840063401,0.250358517623972,0.652396744045825,51,0.717092193363255,0.18755058494592,737
"雲林縣大埤鄉",0.298319866615365,2326,5471,7797,0.513780362226664,"0","0","county",1.15387622149837,0.1899461617567,0.572076704373601,0.237977133869699,0.798169801728521,49,0.688908347927612,0.227670753064799,695
"嘉義縣溪口鄉",0.326451829472978,1945,4013,5958,0.508813429988554,"0","0","county",1.15710764174199,0.190918787140027,0.545710802986439,0.263370409873533,0.724905987850738,51,0.691332394157337,0.210350708089271,700
"嘉義縣中埔鄉",0.295560403278109,5013,11948,16961,0.468765170290503,"0","0","county",1.07944420873992,0.207166539148176,0.601173170109666,0.191660290742158,1.08090485695276,48,0.670234014746135,0.249032130791803,688
"嘉義縣民雄鄉",0.316416927383501,9608,20757,30365,0.536179320034635,"0","0","county",1.03876355892726,0.22234915868327,0.602483965204903,0.175166876111827,1.26935619118606,47,0.651035799223933,0.300913756415071,772
"嘉義縣六腳鄉",0.297085908918885,2355,5572,7927,0.421353441237212,"0","0","county",1.13736545361353,0.166091127098321,0.549352517985611,0.284556354916067,0.583684476655992,53,0.707326178254783,0.196546896873542,714
"嘉義縣梅山鄉",0.289782048277478,2473,6061,8534,0.549669261839255,"0","0","county",1.13791380387258,0.18890966460208,0.55808110319037,0.253009232207549,0.746651270207852,51,0.701922531616855,0.223444677593149,708
"嘉義縣大埔鄉",0.29622458857696,612,1454,2066,0.54688672168042,"0","0","county",1.04550102249489,0.185703574106473,0.628592851787053,0.185703574106473,1,47,0.706490384615385,0.198798076923077,670
"嘉義縣朴子市",0.298170331962572,5003,11776,16779,0.517461851041459,"0","0","county",1.01199588712441,0.201976037703708,0.582618817784339,0.215405144511953,0.937656517727692,48,0.662617937316994,0.294843292484546,814
"嘉義縣鹿草鄉",0.316414315209911,1839,3973,5812,0.471191791633781,"0","0","county",1.16796146674953,0.16412241095105,0.553429370027951,0.282448219020999,0.581070794214666,53,0.714715134568333,0.205382733310031,702
"嘉義縣水上鄉",0.30357725852339,6509,14932,21441,0.529881204824771,"0","0","county",1.06758919325991,0.208340921507922,0.601916772901111,0.189742305590967,1.09802039592082,48,0.658786984203917,0.260315921658479,710
"嘉義縣布袋鎮",0.272615326323766,2878,7679,10557,0.486876695180471,"0","0","county",1.03825229513771,0.171240303611644,0.599466177329218,0.229293519059138,0.746817024372499,50,0.699497202173384,0.213364690617144,705
"嘉義縣竹崎鄉",0.279757946535444,4207,10831,15038,0.516523632637377,"0","0","county",1.1378084626427,0.194634520688112,0.58518257977873,0.220182899533159,0.883967470229451,50,0.68758893769721,0.219513704139083,685
"嘉義縣新港鄉",0.315309200603318,4181,9079,13260,0.53748811352498,"0","0","county",1.11756505576208,0.202106649111257,0.562029112720357,0.235864238168386,0.856877035199256,50,0.678048780487805,0.243235655378137,776
"嘉義縣番路鄉",0.257991299413656,1364,3923,5287,0.559373769200473,"0","0","county",1.17584065110302,0.186435672802441,0.594054532926469,0.21950979427109,0.84932735426009,50,0.703193727290113,0.219257984318225,716
"嘉義縣東石鄉",0.256533266001767,2032,5889,7921,0.40538443988136,"0","0","county",1.12107146310802,0.153825111698733,0.591319412783806,0.254855475517461,0.603577817531306,50,0.715322330870315,0.154727666917393,647
"嘉義縣阿里山鄉",0.210500963391137,437,1639,2076,0.466425069281603,"0","0","county",1.08429458740018,0.209876543209877,0.614729672200937,0.175393784589187,1.19660194174757,48,0.68870636550308,0.172073921971253,711
"嘉義縣大林鎮",0.302632594765691,3920,9033,12953,0.517829284599955,"0","0","county",1.0465275142315,0.198642584282164,0.561732744872603,0.239624670845232,0.82897384305835,50,0.677314234556849,0.280179051029543,783
"嘉義縣太保市",0.310506085842409,4847,10763,15610,0.532437911809427,"0","0","county",1.04532798031471,0.232698030773127,0.608497435572722,0.158804533654151,1.46531100478469,45,0.659031235853327,0.281756450882752,838
"嘉義縣義竹鄉",0.29722554095314,2239,5294,7533,0.504475280831381,"0","0","county",1.07937102208911,0.159644700516145,0.563737846597047,0.276617452886808,0.577131698850076,53,0.721086841951162,0.214791825262048,704
"屏東縣里港鄉",0.333821510297483,3647,7278,10925,0.549078091106291,"0","0","county",1.026520347508,0.215523465703971,0.587138989169675,0.197337545126354,1.09215641436085,47,0.675509670674334,0.268644363129465,725
"屏東縣林邊鄉",0.298274549606699,2351,5531,7882,0.557134663182716,"0","0","county",1.05035877364644,0.190570119623314,0.579791295495037,0.229638584881649,0.829869770019396,49,0.683129100136155,0.234434954821141,705
"屏東縣竹田鄉",0.309460317460317,2437,5438,7875,0.569269849540806,"0","0","county",1.13955431754875,0.191055852102591,0.584689493555527,0.224254654341883,0.851959361393324,50,0.675285171102662,0.265019011406844,709
"屏東縣新埤鄉",0.289118921521425,1201,2953,4154,0.504926381047271,"0","0","county",1.13374291115312,0.183720930232558,0.588039867109635,0.228239202657807,0.804949053857351,51,0.689543541599223,0.181396352649185,661
"屏東縣麟洛鄉",0.316526610644258,1695,3660,5355,0.57432296890672,"0","0","county",1.06385616862988,0.192950836086913,0.591168519074797,0.21588064483829,0.89378478664193,50,0.671368400430992,0.349397590361446,775
"屏東縣枋山鄉",0.303111111111111,682,1568,2250,0.507001647446458,"0","0","county",1.1209221400609,0.1915504511895,0.601927809680066,0.206521739130435,0.927507447864945,49,0.683718152866242,0.152667197452229,735
"屏東縣屏東市",0.312534196342301,26847,59054,85901,0.531983919881515,"0","0","county",0.957727539163516,0.208734501221116,0.612424854405411,0.178840644373474,1.16715359616584,47,0.637449273390918,0.392884672062391,808
"屏東縣瑪家鄉",0.255862273671713,862,2507,3369,0.630054741303196,"0","0","county",1.00388829975256,0.22331980949021,0.643852531310637,0.132827659199153,1.68127490039841,45,0.641836734693878,0.170918367346939,659
"屏東縣高樹鄉",0.320234113712375,3064,6504,9568,0.492464395999447,"0","0","county",1.15023752969121,0.168047500690417,0.57184939703581,0.260103102273773,0.646080339762874,52,0.700651436730323,0.181956094949134,659
"屏東縣獅子鄉",0.235267245317497,515,1674,2189,0.54113475177305,"0","0","county",1.05825242718447,0.228301886792453,0.639858490566038,0.131839622641509,1.73166368515206,46,0.678020713463751,0.142002301495972,684
"屏東縣琉球鄉",0.241199182375653,1062,3341,4403,0.443489631982066,"0","0","county",1.24272860431053,0.188001492815824,0.636499346893077,0.175499160291099,1.07123870281765,46,0.692563917897011,0.186712279438243,695
"屏東縣泰武鄉",0.244668476153548,631,1948,2579,0.646178637200737,"0","0","county",1.08241494968855,0.244362632305568,0.632535664979291,0.12310170271514,1.98504672897196,44,0.661572535991141,0.150166112956811,657
"屏東縣霧臺鄉",0.242815249266862,414,1291,1705,0.615593220338983,"0","0","county",1.02400548696845,0.217214503558116,0.624534056252118,0.158251440189766,1.37259100642398,47,0.660904255319149,0.190159574468085,663
"屏東縣滿州鄉",0.309166957127919,887,1982,2869,0.427282819872329,"0","0","county",1.18991188088727,0.192451782988761,0.612460108228112,0.195088108783128,0.986486486486486,50,0.675679347826087,0.156657608695652,642
"屏東縣車城鄉",0.335994446372787,968,1913,2881,0.414351547070441,"0","0","county",1.16961736150771,0.169781521453014,0.593445643590419,0.236772834956568,0.717065036131184,51,0.677357526194736,0.167646307181191,637
"屏東縣恆春鎮",0.320386627649198,3613,7664,11277,0.470090799267371,"0","0","county",1.04678409181478,0.213698843502979,0.614384175071064,0.171916981425957,1.24303510758777,46,0.667997909823828,0.216146610928635,739
"屏東縣枋寮鄉",0.287971558364606,2916,7210,10126,0.530242123959989,"0","0","county",1.09090909090909,0.19010076506811,0.592787833551036,0.217111401380855,0.87559088955737,49,0.677458738412842,0.203572236038888,684
"屏東縣鹽埔鄉",0.30316826163709,3263,7500,10763,0.519730381215963,"0","0","county",1.07959922070693,0.213195931477516,0.597921127765881,0.188882940756602,1.12871988663203,47,0.662489233419466,0.220456503014643,668
"屏東縣新園鄉",0.300040905372239,4401,10267,14668,0.527681886276298,"0","0","county",1.07110632280654,0.215196046556993,0.598641003966448,0.186162949476559,1.15595529165211,46,0.660754716981132,0.229528301886792,694
"屏東縣春日鄉",0.325056433408578,432,897,1329,0.352026510323732,"0","0","county",1.03892060197198,0.242555357597353,0.618223466530924,0.139221175871723,1.74223034734918,43,0.651500484027105,0.122942884801549,644
"屏東縣三地門鄉",0.275801234930903,938,2463,3401,0.569747371724463,"0","0","county",0.988462737761147,0.229731848831739,0.638387956719461,0.1318801944488,1.74197384066587,45,0.651812688821752,0.152719033232628,642
"屏東縣長治鄉",0.331121333232788,4391,8870,13261,0.550845521023766,"0","0","county",1.08341915550978,0.210882543062474,0.603102779573368,0.186014677364158,1.13368765331153,48,0.657449397190576,0.29915569811599,769
"屏東縣南州鄉",0.349122807017544,1592,2968,4560,0.529802721806098,"0","0","county",1.03781693167168,0.185575706452973,0.578658793757908,0.235765499789119,0.787119856887299,50,0.679129635304934,0.248952906323424,718
"屏東縣東港鎮",0.297520229705038,5699,13456,19155,0.531459678440309,"0","0","county",1.00588563600386,0.216117772044316,0.616279658015885,0.167602569939799,1.28946574102022,45,0.64818091475386,0.261216278449718,729
"屏東縣崁頂鄉",0.324582338902148,1904,3962,5866,0.524531377343113,"0","0","county",1.00408296586641,0.218564094205851,0.59791378045799,0.183522125336158,1.19094138543517,48,0.656482569526048,0.248648648648649,686
"屏東縣內埔鄉",0.305777650866172,6425,14587,21012,0.475608730392363,"0","0","county",1.06546431977803,0.207107174341967,0.591305990512573,0.20158683514546,1.02738442315702,49,0.657244964262508,0.291991552956465,706
"屏東縣牡丹鄉",0.30586186883343,527,1196,1723,0.417014371812703,"0","0","county",1.00278293135436,0.208198239925892,0.639879573876795,0.151922186197314,1.37042682926829,46,0.672038129822969,0.187925556059918,694
"屏東縣萬丹鄉",0.306933946763063,6538,14763,21301,0.534017204103225,"0","0","county",1.07827872767218,0.223486154199701,0.59733425255659,0.179179593243709,1.2472745927921,46,0.659354810061944,0.266068692968629,727
"屏東縣潮州鎮",0.298344487495597,6776,15936,22712,0.522134183102231,"0","0","county",0.98205303094893,0.213506828691257,0.60636627594365,0.180126895365093,1.18531343283582,47,0.644654283406846,0.308898138369468,756
"屏東縣來義鄉",0.226436781609195,788,2692,3480,0.596771615790315,"0","0","county",1.00608,0.233211038443133,0.639974477588132,0.126814483968735,1.83899371069182,45,0.65938797478087,0.147931723819775,619
"屏東縣九如鄉",0.308336914482166,2870,6438,9308,0.544689525402467,"0","0","county",1.06563039723661,0.218227424749164,0.602947324414716,0.17882525083612,1.22033898305085,47,0.661393844443321,0.253449234345783,685
"屏東縣萬巒鄉",0.31345269779821,2591,5675,8266,0.51078294789635,"0","0","county",1.08215527230591,0.197005954699761,0.585897935333074,0.217096109967166,0.907459625736991,50,0.674720888840947,0.236880427161426,712
"屏東縣佳冬鄉",0.324186855842591,2422,5049,7471,0.495340795874114,"0","0","county",1.08531673379714,0.191337430494586,0.575182908984489,0.233479660520925,0.81950363499624,50,0.680461599681655,0.2198851685521,672
"臺東縣成功鎮",0.21626045834849,1189,4309,5498,0.494688556253018,"0","0","county",1.10624259854509,0.171967871485944,0.607389558232932,0.220642570281124,0.779395704404805,50,0.673541405269762,0.151113550815558,639
"臺東縣長濱鄉",0.23864118895966,562,1793,2355,0.419185687847008,"0","0","county",1.33237616654702,0.136349646044937,0.605724838411819,0.257925515543244,0.528639618138425,53,0.673870333988212,0.1165180595436,587
"臺東縣蘭嶼鄉",0.276158940397351,417,1093,1510,0.382683568524276,"0","0","county",1.0052783109405,0.262263699449629,0.646326872457526,0.0914094280928452,2.86910994764398,41,0.590484862280901,0.206692465285682,731
"臺東縣卑南鄉",0.273184357541899,1956,5204,7160,0.525373931623932,"0","0","county",1.12425700537787,0.207195203197868,0.598334443704197,0.194470353097935,1.06543336759164,48,0.648359440469284,0.182556565461226,666
"臺東縣延平鄉",0.236718224613315,352,1135,1487,0.547440273037543,"0","0","county",1.16629711751663,0.237461617195496,0.656431252132378,0.106107130672126,2.2379421221865,43,0.625896934116112,0.186236138290933,653
"臺東縣臺東市",0.266853128372277,12117,33290,45407,0.547213648736376,"0","0","county",0.982903284012992,0.219453101895034,0.603351002115704,0.177195895989262,1.23847733983823,47,0.634682887479015,0.302156234329692,799
"臺東縣關山鎮",0.2625,924,2596,3520,0.499001198561726,"0","0","county",1.10033538289547,0.201197604790419,0.574584165003327,0.224218230206254,0.897329376854599,50,0.657304818345787,0.212960577170832,710
"臺東縣綠島鄉",0.316239316239316,481,1040,1521,0.441184688460464,"0","0","county",1.14277180406213,0.249790911625314,0.626707555059939,0.123501533314748,2.02257336343115,42,0.637823129251701,0.309659863945578,837
"臺東縣大武鄉",0.266066838046273,621,1713,2334,0.514622104063806,"0","0","county",1.06614481409002,0.189240386436825,0.637620761507861,0.173138852055314,1.09299781181619,48,0.668950194408443,0.16163673393816,642
"臺東縣鹿野鄉",0.297111416781293,864,2044,2908,0.450980392156863,"0","0","county",1.13390663390663,0.179332181922855,0.590673575129534,0.229994242947611,0.779724655819775,50,0.676929506826414,0.173446642518807,663
"臺東縣東河鄉",0.263457037780007,788,2203,2991,0.43863785199738,"0","0","county",1.24853113983549,0.136137967076039,0.615495165926313,0.248366866997648,0.548132561809574,52,0.678059395801331,0.141065028161802,776
"臺東縣池上鄉",0.272212978369384,818,2187,3005,0.461602904216699,"0","0","county",1.07625649913345,0.175013912075682,0.581524763494713,0.243461324429605,0.718857142857143,51,0.676577424996637,0.178797255482309,686
"臺東縣太麻里鄉",0.25166017861232,1099,3268,4367,0.495241051106973,"0","0","county",1.11936049058257,0.188281492197995,0.599152629947298,0.212565877854707,0.885755955274672,49,0.6711,0.1548,641
"臺東縣海端鄉",0.215073529411765,351,1281,1632,0.535692495424039,"0","0","county",1.15354330708661,0.262340036563071,0.634064594759293,0.103595368677636,2.53235294117647,42,0.606657018813314,0.160057887120116,658
"臺東縣金峰鄉",0.27125748502994,453,1217,1670,0.599405548216645,"0","0","county",1.0006600660066,0.257670735730782,0.628175519630485,0.114153744638733,2.25722543352601,45,0.633364750235627,0.170593779453346,703
"臺東縣達仁鄉",0.221364985163205,373,1312,1685,0.58304112209117,"0","0","county",1.18251214434421,0.209220985691574,0.65214626391097,0.138632750397456,1.50917431192661,47,0.652323043342688,0.158091674462114,676
"花蓮縣鳳林鎮",0.254508196721311,1242,3638,4880,0.552707730467135,"0","0","county",1.07028412732322,0.166546280053658,0.558765865235786,0.274687854710556,0.606311044327573,53,0.684125705076551,0.231869460112812,700
"花蓮縣光復鄉",0.239063699155794,1246,3966,5212,0.51510904791101,"0","0","county",1.13264925373134,0.179336890910681,0.576065086169189,0.244598022920129,0.733190271816881,52,0.667836057157525,0.184392915204929,636
"花蓮縣壽豐鄉",0.268580661198111,2161,5885,8046,0.555562567047391,"0","0","county",1.13272434175175,0.191672965482489,0.59095490047871,0.217372134038801,0.881773399014778,50,0.675513331290224,0.225681887833282,691
"花蓮縣秀林鄉",0.266822118587608,1602,4402,6004,0.513692087247254,"0","0","county",1.04153821190978,0.286838340486409,0.607137180098553,0.106024479415037,2.70539730134933,42,0.613496472001201,0.158910073562528,618
"花蓮縣萬榮鄉",0.248787765759045,667,2014,2681,0.558550009489467,"0","0","county",1.12651087832393,0.288556271314892,0.607616521409625,0.103827207275483,2.77919708029197,42,0.610574293527803,0.15587967183227,601
"花蓮縣豐濱鄉",0.279861511829198,485,1248,1733,0.456427758816837,"0","0","county",1.25641025641026,0.148863636363636,0.634318181818182,0.216818181818182,0.686582809224319,51,0.674696082845565,0.122917604682575,612
"花蓮縣玉里鎮",0.261623234990242,2279,6432,8711,0.474285714285714,"0","0","county",1.12787120590648,0.185340465519734,0.581273191653414,0.233386342826852,0.794135866198637,50,0.633513211760327,0.213574618533681,721
"花蓮縣瑞穗鄉",0.225608419206314,1029,3532,4561,0.49391964198852,"0","0","county",1.18828274251751,0.178581821709186,0.580075662042875,0.241342516247939,0.739951768488746,51,0.660687311178248,0.187877643504532,653
"花蓮縣吉安鄉",0.260518652059354,9393,26662,36055,0.528814687448,"0","0","county",0.996294965023364,0.219639889196676,0.617091412742382,0.163268698060942,1.34526637258229,46,0.645127670661803,0.338450849133496,775
"花蓮縣花蓮市",0.280717096633144,12198,31255,43453,0.538646573985638,"0","0","county",0.897818701948865,0.204190023081634,0.61603231428706,0.179777662631306,1.13579195598061,47,0.646440294284097,0.388896434634975,822
"花蓮縣新城鄉",0.270715030710395,2336,6293,8629,0.542956133654354,"0","0","county",1.04622958693564,0.219646734346576,0.619975353559063,0.160377912094361,1.36955726308086,45,0.646302975653742,0.262173128944996,762
"花蓮縣卓溪鄉",0.215402658326818,551,2007,2558,0.575904588639579,"0","0","county",1.22571942446043,0.255757575757576,0.627474747474748,0.116767676767677,2.19031141868512,43,0.627217781243907,0.162019886917528,595
"花蓮縣富里鄉",0.245232339511147,913,2810,3723,0.45857694429123,"0","0","county",1.21398976358762,0.165455746367239,0.574966974900925,0.259577278731836,0.637404580152672,52,0.675747863247863,0.143482905982906,613
"澎湖縣望安鄉",0.29324644549763,495,1193,1688,0.398444252376837,"0","1","offshore island",1.17073170731707,0.173292999135696,0.603500432152118,0.223206568712187,0.776379477250726,50,0.692226890756303,0.222268907563025,778
"澎湖縣白沙鄉",0.262986049272781,886,2483,3369,0.423884057971014,"0","1","offshore island",1.08934624697337,0.200602619075211,0.597172325877854,0.202225055046935,0.991977077363897,48,0.692463898916967,0.221457581227437,758
"澎湖縣馬公市",0.292273963704275,7199,17432,24631,0.487428944180412,"0","1","offshore island",1.02792578316895,0.254094847666077,0.580434174974378,0.165470977359545,1.53558558558559,44,0.622923110120118,0.337589009566281,883
"澎湖縣湖西鄉",0.280800621842208,1445,3701,5146,0.433560944980771,"0","1","offshore island",1.10995197880444,0.203657196672422,0.595275466959661,0.201067336367917,1.01288056206089,47,0.661586290567182,0.247421898695784,761
"澎湖縣西嶼鄉",0.291593695271454,666,1618,2284,0.345976700081279,"0","1","offshore island",1.04656319290466,0.178900325027086,0.584913326110509,0.236186348862405,0.757454128440367,50,0.701399894347596,0.189646064447966,744
"澎湖縣七美鄉",0.336518046709129,317,625,942,0.302608180201541,"0","1","offshore island",1.07682851874616,0.205682154483575,0.605208641609944,0.189109203906481,1.08763693270736,46,0.691681210005817,0.223967422920303,761
"基隆市暖暖區",0.348542831910509,5920,11065,16985,0.532671181339353,"0","0","county",0.986376673040153,0.223649380339309,0.624774395379617,0.151576224281073,1.47549116888271,47,0.638959758784646,0.338571262901542,792
"基隆市信義區",0.331479325658604,7688,15505,23193,0.524557743295519,"0","0","county",0.955867986237948,0.215041153603926,0.606966794796621,0.177992051599453,1.20815031722792,48,0.638181894419053,0.368422156065244,811
"基隆市中正區",0.322752111276701,6497,13633,20130,0.471731254802942,"0","0","county",1.03163569932718,0.195609263970524,0.608342837090973,0.196047898938503,0.997762613267703,49,0.641271796614489,0.298154323216448,758
"基隆市中山區",0.335021097046414,6749,13396,20145,0.508553134556575,"0","0","county",1.0225955967555,0.213549126324835,0.603002959992361,0.183447913682803,1.16408588158751,48,0.63538898773077,0.292243351278911,751
"基隆市仁愛區",0.337022628897047,6151,12100,18251,0.532418748979259,"0","0","county",0.953394553851054,0.169211956521739,0.604239130434783,0.226548913043478,0.746911359002039,50,0.659841601991895,0.327020369242179,795
"基隆市安樂區",0.353165783324785,12394,22700,35094,0.520825046877664,"0","0","county",0.963687072932645,0.211495852744006,0.626193046244745,0.162311101011249,1.30302765138257,47,0.642024145199704,0.361890552711544,842
"基隆市七堵區",0.337764924245694,7825,15342,23167,0.529812348668281,"0","0","county",1.00168743509865,0.211983658647299,0.619501545511532,0.168514795841169,1.2579527963058,47,0.643201402073901,0.321788478791546,754
"新竹市東區",0.363946032594176,32694,57138,89832,0.571413741091984,"0","0","county",0.934272632870764,0.198953135104137,0.652673897924572,0.148372966971291,1.34089881172649,44,0.673566888224538,0.531704060604302,1553
"新竹市香山區",0.322326497508979,11128,23396,34524,0.562037721893491,"0","0","county",1.01629979198361,0.220223888640808,0.645181158862387,0.134594952496805,1.63619723143805,43,0.666578104473867,0.364123455696763,958
"新竹市北區",0.333742387055722,22029,43977,66006,0.562060395380192,"0","0","county",0.92846304262808,0.202495193750659,0.636931463289989,0.160573342959352,1.26107602930033,45,0.663895219058434,0.430658069734703,1026
"嘉義市東區",0.338067586863398,17757,34768,52525,0.547696404264409,"0","0","county",0.903093678627381,0.215117432357375,0.597397445052765,0.18748512258986,1.14738401311961,47,0.63779924321652,0.435055427734784,920
"嘉義市西區",0.317298548151905,20019,43073,63092,0.550030602286073,"0","0","county",0.924838576290595,0.216153019912418,0.614764934313807,0.169082045773775,1.2783913213448,46,0.639342059502355,0.372545764962534,831
"臺北市大同區",0.399353506634173,23597,35491,59088,0.58118021142278,"1","0","special municipality",0.925028134545649,0.167828144573841,0.625629842713311,0.206542012712847,0.812561775541378,48,0.65495150011279,0.458398375817731,1038
"臺北市中山區",0.391851949470038,41628,64606,106234,0.571028142742944,"1","0","special municipality",0.840714373042669,0.161313066802912,0.630123898326734,0.208563034870354,0.773449939981872,49,0.658194339397317,0.552202340671152,1383
"臺北市中正區",0.371804297465633,26803,45286,72089,0.585967948118355,"1","0","special municipality",0.876714127326837,0.160736911656108,0.620529363752964,0.218733724590929,0.734851984789794,48,0.677840508115737,0.603417468730762,1658
"臺北市士林區",0.386348383160464,50658,80462,131120,0.573432732144186,"1","0","special municipality",0.905416558587026,0.176441468757348,0.617291437199114,0.206267094043538,0.855402891942161,48,0.662920043566006,0.501265336195022,1295
"臺北市萬華區",0.371880797773655,32071,54169,86240,0.558285574929887,"1","0","special municipality",0.945272748787126,0.166890720520697,0.61610146293987,0.217007816539432,0.769053959355291,48,0.658156095652019,0.41025656229062,914
"臺北市南港區",0.383895163981942,21854,35073,56927,0.583443728105037,"1","0","special municipality",0.926597370257881,0.181607214546594,0.639840590637148,0.178552194816258,1.01710995338635,46,0.667779442726807,0.486343202898276,1092
"臺北市文山區",0.366319057536099,47668,82459,130127,0.598787030557499,"1","0","special municipality",0.889885645051534,0.18414385140624,0.631260017125167,0.184596131468593,0.997549894145912,47,0.6655519386942,0.556482376277911,1202
"臺北市信義區",0.372876081995964,39545,66509,106054,0.581861334565542,"1","0","special municipality",0.883702804826314,0.169592634103931,0.614107492641436,0.216299873254632,0.784062568100922,48,0.666366169063008,0.553165156538879,1314
"臺北市松山區",0.382047972016324,36698,59358,96056,0.59326078994317,"1","0","special municipality",0.847726728622108,0.163532495067581,0.610648134515151,0.225819370417268,0.724173903972042,49,0.674286528866714,0.619347113328582,1522
"臺北市大安區",0.379592881833312,53370,87228,140598,0.578689465455481,"1","0","special municipality",0.833429732348135,0.157057285607814,0.601595495072736,0.24134721931945,0.650752414097348,50,0.678206340972201,0.652703609898996,1722
"臺北市內湖區",0.390856619606254,52075,81158,133233,0.584949160558052,"1","0","special municipality",0.88570769793439,0.196923764509451,0.652915804075506,0.150160431415043,1.31142247430786,46,0.662143511450382,0.556262595419847,1265
"臺北市北投區",0.383416153415454,43826,70478,114304,0.563934349355217,"1","0","special municipality",0.899579469580448,0.178461941692136,0.628187906898375,0.193350151409489,0.922998717048728,47,0.664965647263564,0.496333593169335,1137
"高雄市內門區",0.278600749598429,1561,4042,5603,0.478157206583603,"1","0","special municipality",1.19285232636548,0.176429889298893,0.584332718327183,0.239237392373924,0.737467866323907,51,0.704958492259367,0.142248148979134,604
"高雄市茂林區",0.217757009345794,233,837,1070,0.689164086687307,"1","0","special municipality",0.976744186046512,0.293498452012384,0.606191950464396,0.10030959752322,2.92592592592593,43,0.597173144876325,0.195524146054181,711
"高雄市桃源區",0.223037831733484,395,1376,1771,0.527730131503716,"1","0","special municipality",1.11057401812689,0.263670197537933,0.645004294302892,0.0913255081591755,2.8871473354232,41,0.634684312103667,0.184174248690378,680
"高雄市杉林區",0.258431887866842,1180,3386,4566,0.471198265296502,"1","0","special municipality",1.22571189279732,0.161994355597366,0.588146754468485,0.249858889934149,0.648343373493976,52,0.697399743636697,0.141274491851309,612
"高雄市美濃區",0.265836914662053,4763,13154,17917,0.551811050380901,"1","0","special municipality",1.10310566396954,0.169905796486464,0.552688902090583,0.277405301422954,0.612482153783398,53,0.718199554834987,0.25550273419252,748
"高雄市甲仙區",0.279098360655738,681,1759,2440,0.495661805427358,"1","0","special municipality",1.12573443008226,0.176524783489958,0.597567716970702,0.22590749953934,0.781402936378467,50,0.68440996030314,0.151208949837604,597
"高雄市茄萣區",0.310635390571624,4092,9081,13173,0.54131695406684,"1","0","special municipality",1.05859742704738,0.193918378234196,0.617345577868384,0.18873604389742,1.02745810619826,47,0.636023065339553,0.231057406251148,630
"高雄市路竹區",0.317853755103724,7707,16540,24247,0.592063854047891,"1","0","special municipality",1.02622224274041,0.205673274094327,0.612645249487355,0.181681476418319,1.13205417607223,46,0.667762725240037,0.338747862685782,778
"高雄市阿蓮區",0.314372211599745,3946,8606,12552,0.542430912203473,"1","0","special municipality",1.01569046249897,0.222847128825855,0.600317887272283,0.176834983901863,1.26019820235077,47,0.654804970116389,0.275047184649261,724
"高雄市湖內區",0.315325248070562,4290,9315,13605,0.560185005246998,"1","0","special municipality",1.04105897273304,0.200349514563107,0.628233009708738,0.171417475728155,1.16878115088355,46,0.661097762426791,0.306389848325574,736
"高雄市梓官區",0.31254761765223,5333,11730,17063,0.587203867848509,"1","0","special municipality",1.05940856650312,0.202801030264005,0.631229877656149,0.165969092079845,1.22192046556741,46,0.647161030096184,0.275178405212535,686
"高雄市岡山區",0.306327517342863,14572,32998,47570,0.616685539855251,"1","0","special municipality",0.96595826986775,0.218670831591116,0.612674324224611,0.168654844184273,1.29655826163045,46,0.652926979319483,0.357436940987175,800
"高雄市鳥松區",0.346982853616609,7872,14815,22687,0.609884922558751,"1","0","special municipality",1.01168571575009,0.202700636942675,0.62140127388535,0.175898089171975,1.15237543453071,48,0.661674945016927,0.430029406677045,1173
"高雄市大社區",0.340100266138516,5495,10662,16157,0.573087931837849,"1","0","special municipality",1.0118489757665,0.220743353408977,0.62236715136592,0.156889495225102,1.40699893955461,46,0.652030171722035,0.304959075589793,747
"高雄市橋頭區",0.321943972835314,6068,12780,18848,0.621771840933518,"1","0","special municipality",1.01758187333622,0.201963792574409,0.611322491561829,0.186713715863762,1.08167625308135,47,0.661464371711406,0.358571895716282,818
"高雄市田寮區",0.310309278350515,903,2007,2910,0.481487033428272,"1","0","special municipality",1.25514681066487,0.139179886261598,0.561209218796767,0.299610894941634,0.464535464535465,54,0.738720141551165,0.14479504570923,653
"高雄市大樹區",0.304541915390605,5867,13398,19265,0.559528989448493,"1","0","special municipality",1.04008649367931,0.207908683245006,0.601413235493953,0.190678081261041,1.09036488027366,48,0.646324185338721,0.266857322768537,689
"高雄市旗津區",0.327505827505828,3934,8078,12012,0.522164119066774,"1","0","special municipality",1.06182662025526,0.204759225018088,0.616810032960849,0.178430742021063,1.14755575580086,46,0.636085152584435,0.2222653069138,648
"高雄市鳳山區",0.325398457281502,55389,114830,170219,0.597281288476257,"1","0","special municipality",0.938241208621223,0.204308298029409,0.638436828698931,0.15725487327166,1.29921759357158,45,0.644326879711874,0.386891034765114,828
"高雄市前金區",0.335304724125496,4649,9216,13865,0.608074222668004,"1","0","special municipality",0.892220293514281,0.158952547744141,0.590276040363606,0.250771411892253,0.633854339873628,52,0.644815836443291,0.484909946454649,1116
"高雄市苓雅區",0.332695672460049,28522,57208,85730,0.611979344079136,"1","0","special municipality",0.903215367489062,0.17682665560324,0.603464575497684,0.219708768899076,0.804822932144626,49,0.645673614372557,0.45316417179862,947
"高雄市左營區",0.317431641143902,29870,64229,94099,0.608736606617214,"1","0","special municipality",0.893539421374207,0.204249863746718,0.644298419461923,0.151451716791359,1.34861372372618,46,0.645691351967987,0.442609482040158,990
"高雄市鼓山區",0.337952341623077,22096,43286,65382,0.595360891988972,"1","0","special municipality",0.899815205913411,0.17708260960189,0.651054331966928,0.171863058431182,1.03037040780231,46,0.653637232383858,0.455689305413516,1030
"高雄市新興區",0.348235657478187,9020,16882,25902,0.613707586517867,"1","0","special municipality",0.903591763346034,0.166351819367607,0.592722529573157,0.240925651059236,0.690469523009428,51,0.64812668139367,0.49397432252138,1056
"高雄市仁武區",0.318550830001212,13145,28120,41265,0.585727676570078,"1","0","special municipality",1.01943850413994,0.215879006747492,0.650555955306352,0.133565037946156,1.61628379751982,44,0.656039503341889,0.355686422680547,811
"高雄市小港區",0.328928364132122,24368,49715,74083,0.587909562806536,"1","0","special municipality",0.967192709490998,0.214521377564856,0.64089758654976,0.144581035885384,1.48374492028759,44,0.65178629719633,0.336433208806355,799
"高雄市楠梓區",0.326197085357391,28203,58257,86460,0.600227254917326,"1","0","special municipality",0.938509033857989,0.215694593112811,0.642554108033313,0.141751298853876,1.5216410350861,44,0.651545019650189,0.410199264216566,848
"高雄市三民區",0.343897028351332,56428,107656,164084,0.593501635471247,"1","0","special municipality",0.910322916598005,0.195164534861654,0.629207396391516,0.17562806874683,1.11123772102161,47,0.639309539693129,0.43162108072048,904
"高雄市彌陀區",0.344529750479846,3231,6147,9378,0.619579062291502,"1","0","special municipality",1.05289359054138,0.200909366474689,0.612185510760837,0.186905122764474,1.0749270191372,47,0.668398925610183,0.235898633656429,650
"高雄市林園區",0.31512251891123,9748,21186,30934,0.556545857362715,"1","0","special municipality",1.01005400631772,0.218746831592822,0.623643921727669,0.157609246679509,1.38790607912512,45,0.643179383986239,0.258673850248288,734
"高雄市鹽埕區",0.381667357942762,4601,7454,12055,0.580839154369246,"1","0","special municipality",0.981256286001646,0.170381651206793,0.587705939360377,0.24191240943283,0.704311331552842,52,0.636027255087767,0.39438653490366,871
"高雄市那瑪夏區",0.191790040376851,285,1201,1486,0.661303630363036,"1","0","special municipality",1.07350427350427,0.27040395713108,0.630667765869744,0.0989282769991756,2.73333333333333,40,0.644907589461266,0.192685804168305,686
"高雄市永安區",0.298939929328622,2115,4960,7075,0.631280726606116,"1","0","special municipality",0.996672766594577,0.207298783536077,0.63464422596234,0.158056990501583,1.31154454401687,46,0.684532924961715,0.288304989119046,691
"高雄市大寮區",0.317246775055339,16625,35779,52404,0.571406550267704,"1","0","special municipality",1.04030179188934,0.221903793411605,0.625281193183569,0.152815013404826,1.45210727969349,46,0.647260104140838,0.28207289858666,711
"高雄市旗山區",0.311635770786788,5161,11400,16561,0.559038629828729,"1","0","special municipality",1.06452236689442,0.188579100190452,0.57376127884105,0.237659620968497,0.793483972674724,51,0.666515522505366,0.245579033281944,703
"高雄市燕巢區",0.305507497116494,4238,9634,13872,0.573965861909888,"1","0","special municipality",1.1100939727803,0.205589895189465,0.603140476830345,0.19126962798019,1.07486953030911,48,0.662601475330837,0.262779404678059,716
"高雄市前鎮區",0.325431515097453,29186,60498,89684,0.588373084791436,"1","0","special municipality",0.948660257721415,0.188597114084429,0.621959878734741,0.18944300718083,0.995534841275015,47,0.642246321421747,0.374152016051978,844
"高雄市六龜區",0.289161554192229,1414,3476,4890,0.476567255021302,"1","0","special municipality",1.18266312594841,0.171634657165204,0.589380377161728,0.238984965673069,0.718181818181818,52,0.676652280612677,0.148937970720149,650
"新北市坪林區",0.30307467057101,828,1904,2732,0.513495162111696,"1","0","special municipality",1.23062381852552,0.169491525423729,0.558135593220339,0.272372881355932,0.622277535780958,53,0.711245703061057,0.20952692748404,728
"新北市淡水區",0.363150238409526,26961,47281,74242,0.528613721549242,"1","0","special municipality",0.891912688845,0.192895878524946,0.644502440347072,0.162601681127983,1.18630925084421,47,0.652033751199107,0.442380856048395,976
"新北市五股區",0.343120117987655,12563,24051,36614,0.536711621550736,"1","0","special municipality",0.996092567623346,0.232464846980976,0.64021229666391,0.127322856355114,1.82579038544825,44,0.639401760307061,0.310330223016346,810
"新北市中和區",0.3391055843873,63839,124418,188257,0.556778789700487,"1","0","special municipality",0.921133862339803,0.184957742371475,0.638822058089518,0.176220199539008,1.04958309464706,47,0.644142441979007,0.416805086980516,898
"新北市三峽區",0.33402927158463,15839,31579,47418,0.529021857865544,"1","0","special municipality",0.981717812014609,0.225254996663595,0.636014108226621,0.138730895109784,1.62368300503894,45,0.646600466105988,0.335464586077617,848
"新北市汐止區",0.362956173016328,31677,55598,87275,0.52914612468432,"1","0","special municipality",0.932541842049733,0.200599972415061,0.650378143533631,0.149021884051308,1.34611083259419,47,0.644459121207244,0.411596245955411,932
"新北市貢寮區",0.305629432624113,1379,3133,4512,0.440375919851051,"1","0","special municipality",1.03238575026988,0.153859773371105,0.610658640226629,0.235481586402266,0.653383458646617,50,0.71616932685635,0.188931297709924,658
"新北市深坑區",0.350882079851439,3779,6991,10770,0.550669123351435,"1","0","special municipality",0.989881468632553,0.217782943483946,0.627827013414693,0.154390043101361,1.41060225846926,48,0.631075213595406,0.362155095942854,850
"新北市新莊區",0.358285735900443,66304,118755,185059,0.569431359987941,"1","0","special municipality",0.927778367002897,0.220400871005479,0.64871376119161,0.130885367802912,1.68392292205925,44,0.633911630676096,0.370086188189603,843
"新北市萬里區",0.280063470474895,2471,6352,8823,0.498419443436804,"1","0","special municipality",0.999275437325329,0.182811286564846,0.615014237639141,0.202174475796013,0.904225352112676,49,0.69305688036548,0.220844419900597,673
"新北市金山區",0.308676436380554,2654,5944,8598,0.508167351670355,"1","0","special municipality",0.963207937164117,0.205095809644136,0.617498420720152,0.177405769635713,1.15608308605341,47,0.667956222957496,0.23542886230593,669
"新北市泰山區",0.339763884368435,11483,22314,33797,0.553850463798792,"1","0","special municipality",0.957530368070143,0.211029720524425,0.655266800416803,0.133703479058772,1.5783412818425,44,0.646946536425323,0.359048542241444,854
"新北市三芝區",0.337729420815474,3073,6026,9099,0.485610616829862,"1","0","special municipality",1.06308243727599,0.206393328700486,0.600565869155167,0.193040802144346,1.06916945230136,49,0.654428680981595,0.264906058282209,669
"新北市土城區",0.352896669954891,36847,67566,104413,0.549473810033718,"1","0","special municipality",0.953690022552298,0.227545029356155,0.648775997611703,0.123678973032143,1.83980367703263,44,0.631053412676685,0.350537200601319,792
"新北市樹林區",0.346579142243922,27613,52060,79673,0.554022958277998,"1","0","special municipality",0.974612312639386,0.223520914045571,0.643843981876683,0.132635104077746,1.68523194217536,44,0.641605890028429,0.34440655316091,825
"新北市蘆洲區",0.359458534455289,30458,54275,84733,0.536728831879229,"1","0","special municipality",0.939182383383696,0.236212856656696,0.646092672529598,0.117694470813706,2.00700045655151,44,0.62291102497896,0.333543256596839,815
"新北市鶯歌區",0.339135737450453,12235,23842,36077,0.531258287389211,"1","0","special municipality",0.99189024051547,0.226073619631902,0.637702175125488,0.13622420524261,1.65957011258956,44,0.634691318499546,0.299076890240649,741
"新北市平溪區",0.279529663281668,523,1348,1871,0.480907197408007,"1","0","special municipality",1.26216640502355,0.114272495951885,0.574138329863521,0.311589174184594,0.366740905716407,55,0.734503190519599,0.157930720145852,657
"新北市新店區",0.33103231441048,47379,95746,143125,0.567393667180452,"1","0","special municipality",0.908167458492239,0.18812528336104,0.620043070878041,0.191831645760919,0.980679087722062,49,0.651466800517328,0.471801598147585,1056
"新北市雙溪區",0.299686341602509,1051,2456,3507,0.485435679459932,"1","0","special municipality",1.18647764449291,0.14925187032419,0.568079800498753,0.282668329177057,0.52801058667843,54,0.701690380639669,0.200048644047185,738
"新北市林口區",0.355736459350917,16387,29678,46065,0.559992111643446,"1","0","special municipality",0.913232489020982,0.208996058428008,0.659969858567123,0.131034083004869,1.59497478545519,44,0.66671438166863,0.473193344858342,1158
"新北市三重區",0.363124031098108,62307,109279,171586,0.559430764659872,"1","0","special municipality",0.9492167672022,0.20136987960563,0.636939512124222,0.161690608270149,1.24540244952994,46,0.625441613302008,0.344516964395568,816
"新北市瑞芳區",0.314498662249968,4937,10761,15698,0.485643338280626,"1","0","special municipality",1.01394148020654,0.194513289462439,0.60778281058599,0.197703899951571,0.983861671469741,49,0.656003529865975,0.226159616127075,666
"新北市板橋區",0.357967022967448,88512,158751,247263,0.566680549231676,"1","0","special municipality",0.927900415903208,0.193517798146157,0.641586693361551,0.164895508492292,1.1735783461634,46,0.642337010282712,0.400495847845784,925
"新北市八里區",0.341789864330474,5618,10819,16437,0.530300272975432,"1","0","special municipality",0.980918091809181,0.22270689446262,0.636677571792076,0.140615533745305,1.58380008616975,46,0.646555736560391,0.321328834070282,805
"新北市石碇區",0.32018927444795,1015,2155,3170,0.505757178253899,"1","0","special municipality",1.22301228183581,0.172433847048561,0.592759523117185,0.234806629834254,0.734365325077399,52,0.681703204047218,0.213041034288926,754
"新北市永和區",0.341346923779827,36235,69918,106153,0.591475947560677,"1","0","special municipality",0.877627575198284,0.178163057108244,0.616442796114854,0.205394146776902,0.867420322847682,49,0.644841381931355,0.502092823797076,1032
"新北市石門區",0.314098629015756,1535,3352,4887,0.518332066869301,"1","0","special municipality",1.06958914881069,0.212481003039514,0.597454407294833,0.190064589665653,1.11794102948526,47,0.670933528389869,0.222273018195117,707
"新北市烏來區",0.294759825327511,810,1938,2748,0.543313069908815,"1","0","special municipality",0.940981187753596,0.226719878373242,0.613264918282022,0.160015203344736,1.41686460807601,45,0.674372042227885,0.252639242810339,785
"臺中市豐原區",0.30688572678383,23853,53873,77726,0.602174772058716,"1","0","special municipality",0.951954780970325,0.220442845442845,0.616773429273429,0.162783725283725,1.35420690894389,45,0.648949216204284,0.360714210633273,802
"臺中市西區",0.346857164313608,18475,34789,53264,0.587552609427609,"1","0","special municipality",0.870929067002103,0.198043932724732,0.623525333277306,0.178430733997962,1.10992051810421,47,0.643887071367987,0.512369239468476,1111
"臺中市西屯區",0.334962051201384,34071,67645,101716,0.580488972548337,"1","0","special municipality",0.884425146695886,0.224556560299104,0.651432484131815,0.124010955569081,1.81078001752848,44,0.644103838575001,0.488278386373917,1145
"臺中市大里區",0.309469676366603,28448,63477,91925,0.5639085050271,"1","0","special municipality",0.939328631875882,0.237407853473204,0.638261972502953,0.124330174023843,1.90949506294164,43,0.640151409724735,0.361017562414762,768
"臺中市中區",0.315038560411311,2451,5329,7780,0.562670114316821,"1","0","special municipality",0.972828269307991,0.166497048646448,0.609607164665174,0.223895786688378,0.743636363636364,49,0.654808700209644,0.396750524109015,907
"臺中市東勢區",0.256021031207598,6038,17546,23584,0.589356429911304,"1","0","special municipality",1.04914459030378,0.197344989477092,0.5815583154097,0.221096695113208,0.892573221757322,49,0.672942069766403,0.279221939345214,696
"臺中市大甲區",0.296910788747284,10111,23943,34054,0.577145665858029,"1","0","special municipality",0.989874455870292,0.233248260228588,0.602380990124122,0.16437074964729,1.41903751567171,44,0.653257024881211,0.309246580541345,794
"臺中市霧峰區",0.287458735296946,8969,22232,31201,0.605921231326392,"1","0","special municipality",1.01648672308141,0.224802836263657,0.607481368931336,0.167715794805007,1.34037963761864,46,0.655015065224585,0.319295678980093,741
"臺中市清水區",0.306997397029551,12030,27156,39186,0.586315848339112,"1","0","special municipality",1.04557533502872,0.217561357191747,0.611295031359566,0.171143611448686,1.27122102513875,45,0.653471962367028,0.317541561982146,732
"臺中市南區",0.340829791807914,20611,39862,60473,0.614860627345793,"1","0","special municipality",0.890307888504281,0.215904162530479,0.650208656598464,0.133887180871057,1.61258278145695,44,0.64269085802971,0.479537728179735,898
"臺中市新社區",0.26221928665786,2779,7819,10598,0.540028763183126,"1","0","special municipality",1.07667064439141,0.20006704017622,0.579897524302064,0.220035435521716,0.909249183895539,48,0.677811968952372,0.240481330087723,692
"臺中市和平區",0.209654686398872,1190,4486,5676,0.632027795325332,"1","0","special municipality",1.16723627249943,0.194806560134567,0.615433137089992,0.189760302775442,1.02659279778393,49,0.711626955721444,0.205133449227937,705
"臺中市太平區",0.303205753291078,24875,57165,82040,0.549124273393868,"1","0","special municipality",0.963394942117553,0.233695411497511,0.634722810924343,0.131581777578146,1.77604692533295,43,0.642859310051883,0.342012803786523,728
"臺中市梧棲區",0.301407333994054,7603,17622,25225,0.572066326530612,"1","0","special municipality",0.996225614927905,0.232797263708016,0.628518620806866,0.138684115485118,1.67861519607843,43,0.648361237950279,0.329213597158803,755
"臺中市龍井區",0.318605129410382,10845,23194,34039,0.565944262707599,"1","0","special municipality",1.00195134233469,0.241730599924538,0.62589611369639,0.132373286379072,1.82612826603325,43,0.647790325248485,0.345037065997023,816
"臺中市大安區",0.277678171223667,2478,6446,8924,0.589225181598063,"1","0","special municipality",1.12414856702223,0.225617134559535,0.581558567279768,0.192824298160697,1.17006589268905,46,0.67183854409706,0.232326178254783,682
"臺中市烏日區",0.3058357771261,10429,23671,34100,0.587488858277287,"1","0","special municipality",0.986520396345387,0.229428816660999,0.626342126998008,0.144229056340993,1.59072535369414,43,0.653838989102425,0.355692508305132,823
"臺中市大肚區",0.296200975684708,7711,18322,26033,0.584613439534737,"1","0","special municipality",1.0334903640257,0.225980371509203,0.618276399477697,0.1557432290131,1.45098039215686,44,0.648843726688038,0.318433839391923,723
"臺中市大雅區",0.291748642946879,12308,29879,42187,0.575418777286919,"1","0","special municipality",0.97574703233729,0.248368467395245,0.635132335422386,0.116499197182369,2.13193286651106,43,0.645396029206459,0.34103853424099,792
"臺中市外埔區",0.266626319682604,3965,10906,14871,0.586496175024945,"1","0","special municipality",1.03786225065864,0.230487940014036,0.609943486130093,0.159568573855871,1.44444444444444,44,0.671521723722447,0.26224395775746,736
"臺中市石岡區",0.265486725663717,1890,5229,7119,0.593944099378882,"1","0","special municipality",1.0696405648267,0.205070553574198,0.592572491859203,0.202356954566599,1.01340996168582,48,0.659146933592291,0.277657428848883,704
"臺中市神岡區",0.292257789718554,8920,21601,30521,0.597470906258591,"1","0","special municipality",1.0264124346181,0.231300113499066,0.616977263574122,0.151722622926811,1.52449324324324,44,0.65464189117988,0.302961115599424,697
"臺中市后里區",0.292973548439931,7155,17267,24422,0.583626173212935,"1","0","special municipality",1.01716257393798,0.220726424525158,0.608552704654004,0.170720870820838,1.29290826284971,45,0.664866588710535,0.284787923886468,715
"臺中市潭子區",0.316305522147706,15517,33540,49057,0.576765340217015,"1","0","special municipality",0.953519314240845,0.235755836673626,0.636445853756574,0.1277983095698,1.84474925738249,44,0.645573406255341,0.352664074517177,771
"臺中市沙鹿區",0.304597125544594,12165,27773,39938,0.569595860228819,"1","0","special municipality",1.00061957868649,0.221928985956077,0.642384908505797,0.135686105538126,1.63560583506996,42,0.662270958795054,0.364270214050001,851
"臺中市北屯區",0.320219103594418,40045,85010,125055,0.573910943263657,"1","0","special municipality",0.89127494502759,0.222768693485195,0.64234601429405,0.134885292220755,1.65154176424668,44,0.646590894787851,0.452692922503745,913
"臺中市南屯區",0.335028494032864,26220,52042,78262,0.605627251786664,"1","0","special municipality",0.874367202412238,0.23196298510106,0.652948425612303,0.115088589286637,2.01551679917928,44,0.643289733776338,0.497763945549621,1147
"臺中市北區",0.335138503538628,22588,44811,67399,0.566236830068768,"1","0","special municipality",0.890315352822733,0.205588614539368,0.621435035759765,0.172976349700867,1.18853597555329,46,0.637805029109377,0.463768115942029,941
"臺中市東區",0.328167958010497,11817,24192,36009,0.59124916395763,"1","0","special municipality",0.965618320610687,0.207987696896262,0.621555286295709,0.170457016808028,1.22017679759409,46,0.643056054617319,0.391469038208169,824
"臺南市佳里區",0.321528086257723,7962,16801,24763,0.523875652191164,"1","0","special municipality",0.966222533894343,0.200241732548693,0.617091680041213,0.182666587410093,1.0962143399501,47,0.663032857553405,0.340530702174538,774
"臺南市學甲區",0.307954659444277,3070,6899,9969,0.474498161031595,"1","0","special municipality",1.0449285843428,0.186817558905442,0.614738517306927,0.198443923787631,0.941412341278681,49,0.666996217331499,0.284301925722146,704
"臺南市東山區",0.301791092090664,1904,4405,6309,0.378701748687131,"1","0","special municipality",1.13854516017116,0.169586848366861,0.566407094959983,0.264006056673156,0.642359688652192,52,0.707024078056969,0.200965220584378,680
"臺南市歸仁區",0.345119590764551,9985,18947,28932,0.532089149110426,"1","0","special municipality",1.01103211571464,0.21720276553874,0.634436878493931,0.148360355967329,1.4640215987792,45,0.655348446683459,0.33919395465995,794
"臺南市新營區",0.326212452300969,10002,20659,30661,0.498206284931254,"1","0","special municipality",0.960142305836951,0.211631340941951,0.598301904205248,0.190066754852801,1.11345795905155,47,0.651723271184185,0.424038561057472,874
"臺南市西港區",0.323403365736386,3094,6473,9567,0.471851233537377,"1","0","special municipality",1.01400037334329,0.211975159885068,0.598248215775327,0.189776624339605,1.11697191697192,48,0.667087011349306,0.273464240677355,690
"臺南市左鎮區",0.254700854700855,447,1308,1755,0.449524671797193,"1","0","special municipality",1.29317476732161,0.131679819616685,0.570913190529876,0.297406989853439,0.44275966641395,55,0.738249053241256,0.165515705056806,660
"臺南市新市區",0.324452840020844,4981,10371,15352,0.536727440268545,"1","0","special municipality",0.995667870036101,0.215366399158006,0.633831074858571,0.150802525983423,1.42813522355507,44,0.666402836699804,0.374121446210346,818
"臺南市安南區",0.334799123075354,26267,52189,78456,0.52361356433287,"1","0","special municipality",1.00442849794884,0.215440463151307,0.655578156782976,0.128981380065717,1.67032220496894,43,0.644289681846387,0.330082113875016,760
"臺南市龍崎區",0.290438965724594,483,1180,1663,0.488553730137355,"1","0","special municipality",1.17289719626168,0.130645161290323,0.590322580645161,0.279032258064516,0.468208092485549,55,0.753435517970402,0.169133192389006,662
"臺南市北區",0.349553493258624,19963,37147,57110,0.539961769426361,"1","0","special municipality",0.925257776622476,0.188339919169735,0.636326813505315,0.17533326732495,1.07418245289799,46,0.642630724204712,0.434757310220848,975
"臺南市白河區",0.322947325687608,3182,6671,9853,0.431991644572989,"1","0","special municipality",1.09736598502062,0.170204229025398,0.556714681218152,0.27308108975645,0.623273582133412,53,0.695143290430455,0.228486993039624,692
"臺南市山上區",0.325439266615737,852,1766,2618,0.441253263707572,"1","0","special municipality",1.10125765881974,0.196286065070595,0.574585635359116,0.229128299570289,0.856664434025452,50,0.684038117927338,0.261018463371054,676
"臺南市鹽水區",0.321432225063939,3142,6633,9775,0.480674472220966,"1","0","special municipality",1.0928429611421,0.189239248283339,0.587052764727141,0.223707986989519,0.84592084006462,50,0.676634942809744,0.282240461014581,709
"臺南市北門區",0.322387281730519,1237,2600,3837,0.412594458438287,"1","0","special municipality",1.00949878738884,0.156894297495726,0.638640249421704,0.204465453082571,0.767338908017708,50,0.704158883099007,0.204994592468784,649
"臺南市後壁區",0.315188559566371,2733,5938,8671,0.462309869967852,"1","0","special municipality",1.08238579692799,0.168742216687422,0.553405498610978,0.2778522847016,0.607309084640579,53,0.702548126104343,0.258486003905887,729
"臺南市善化區",0.351334477914781,6753,12468,19221,0.512515644555695,"1","0","special municipality",1.00315805303524,0.193613773429093,0.627211531242962,0.179174695327945,1.08058659217877,45,0.68379055976086,0.409527023769346,999
"臺南市下營區",0.328064551785122,2968,6079,9047,0.470616317372416,"1","0","special municipality",1.06280098280098,0.181571299251989,0.580780408785554,0.237648291962457,0.764033680834002,51,0.694058856191005,0.270729224504905,731
"臺南市將軍區",0.29563224588838,2193,5225,7418,0.446941534302129,"1","0","special municipality",1.02878026496117,0.161056068453051,0.605719432560234,0.233224498986715,0.690562394400193,51,0.69486504279131,0.201174017994294,641
"臺南市新化區",0.320179659929419,5988,12714,18702,0.540138352638353,"1","0","special municipality",1.02214881403661,0.205993412067165,0.605848798907367,0.188157789025468,1.09479077711358,47,0.657673985086993,0.321069801159901,740
"臺南市麻豆區",0.342808607021518,6054,11606,17660,0.491294154834971,"1","0","special municipality",1.0256464942682,0.190255586849517,0.594035429443816,0.215708983706667,0.882001220256254,49,0.675372279495991,0.3307369224895,787
"臺南市柳營區",0.308849662362279,2607,5834,8441,0.494947883429058,"1","0","special municipality",1.09654788418708,0.198969564986456,0.568916980931641,0.232113454081904,0.85720823798627,50,0.679238487265243,0.28906611782866,747
"臺南市七股區",0.306199270674038,2603,5898,8501,0.457744360902256,"1","0","special municipality",1.07705105542269,0.17476846057572,0.597496871088861,0.227734668335419,0.767421411299187,51,0.691143552311436,0.196642335766423,641
"臺南市永康區",0.340628367736052,32872,63632,96504,0.519833231624453,"1","0","special municipality",0.945632558649638,0.216515924056471,0.660693330600323,0.122790745343206,1.76329187880811,44,0.646969352783731,0.39855702278541,865
"臺南市玉井區",0.278318903318903,1543,4001,5544,0.48660678158129,"1","0","special municipality",1.06814765324871,0.175658213535778,0.576158940397351,0.248182846066871,0.707777416205662,52,0.692898573444114,0.242044207556043,700
"臺南市楠西區",0.253914033589525,892,2621,3513,0.451102251407129,"1","0","special municipality",1.11287128712871,0.162605435801312,0.585168697282099,0.252225866916589,0.644681839294008,52,0.70525835519562,0.196418387133569,653
"臺南市南化區",0.287230905337658,974,2417,3391,0.477523760595941,"1","0","special municipality",1.17935086737549,0.181923225060983,0.567723712928489,0.250353062010528,0.726666666666667,52,0.722543352601156,0.198165368182961,670
"臺南市安定區",0.312611012433393,4048,8901,12949,0.539419246092553,"1","0","special municipality",1.05731832139202,0.20547263681592,0.62441637964026,0.170110983543819,1.20787401574803,46,0.669055446788076,0.287761811532636,753
"臺南市南區",0.331576652575307,17491,35260,52751,0.515849056603774,"1","0","special municipality",0.966560020244745,0.192718482297143,0.62193462994963,0.185346887753226,1.03977188197372,47,0.633131504088603,0.352288636627103,766
"臺南市仁德區",0.320582095050964,10442,22130,32572,0.533141477905681,"1","0","special municipality",1.00929004194501,0.200095872829331,0.639703722030648,0.160200405140021,1.24903474903475,45,0.664044506924296,0.360541979481351,791
"臺南市東區",0.34669532910024,27901,52576,80477,0.547721359685444,"1","0","special municipality",0.888924436131858,0.206558487665379,0.628261166952205,0.165180345382416,1.2505028197342,46,0.636422764227642,0.509068167604753,1091
"臺南市關廟區",0.309798657718121,4616,10284,14900,0.532845251228563,"1","0","special municipality",1.06448501550121,0.190883000734165,0.605619702329307,0.203497296936528,0.938012463102657,48,0.671872479106837,0.263173179310122,714
"臺南市中西區",0.35087260034904,12063,22317,34380,0.556243391918604,"1","0","special municipality",0.905099067599068,0.172139546977043,0.612636312191242,0.215224140831715,0.799815235929505,49,0.646307870027547,0.462589970676224,1078
"臺南市安平區",0.348343685300207,9422,17626,27048,0.509778074721465,"1","0","special municipality",0.872546038182125,0.214695586271609,0.660453282327042,0.12485113140135,1.71961266078913,45,0.63546337494157,0.42409238067208,952
"臺南市六甲區",0.335771590372817,2846,5630,8476,0.484799414960301,"1","0","special municipality",1.07089592564574,0.20389312180357,0.585325122638556,0.210781755557875,0.967318643228522,49,0.670845127375657,0.296249494541043,730
"臺南市大內區",0.288162828066417,1076,2658,3734,0.479893690778831,"1","0","special municipality",1.17599799146372,0.162339910003461,0.561439944617515,0.276220145379024,0.587719298245614,53,0.712709670156479,0.207925250478442,642
"臺南市官田區",0.366039533222196,3074,5324,8398,0.486746987951807,"1","0","special municipality",1.03846992153444,0.200534616412724,0.602619620422347,0.196845763164929,1.01873981531776,48,0.677673526514955,0.295008034834897,729
"桃園市觀音區",0.308126669210225,8076,18134,26210,0.505521405646521,"1","0","special municipality",1.08539028539029,0.253149413619968,0.599340209175443,0.14751037720459,1.71614647333497,44,0.659434287685409,0.277957916522939,750
"桃園市龍潭區",0.287086693159458,14882,36956,51838,0.535658731565164,"1","0","special municipality",0.986517907735595,0.229905181571389,0.621267262068694,0.148827556359917,1.54477562619787,45,0.666119600075457,0.369430296170534,873
"桃園市中壢區",0.316003013280977,53274,115313,168587,0.526979503711102,"1","0","special municipality",0.943624106515541,0.221023574294429,0.63789214558643,0.141084280119141,1.56660667019587,44,0.661406666227936,0.413353057142775,921
"桃園市桃園區",0.345210982295112,60327,114427,174754,0.507340393007032,"1","0","special municipality",0.912164530209539,0.21853955206265,0.646537719212985,0.134922728724364,1.61973860244932,44,0.654800540011118,0.432477433358922,1013
"桃園市平鎮區",0.310871124145091,29045,64386,93431,0.531629984746132,"1","0","special municipality",0.963728686728313,0.23110883683457,0.637196034774656,0.131695128390774,1.75487764550265,43,0.658176650634018,0.380437045828388,871
"桃園市八德區",0.319861095268874,25238,53665,78903,0.50526156362645,"1","0","special municipality",0.979110770410119,0.221851699428682,0.64201849520674,0.136129805364578,1.62970701996177,43,0.664024860421027,0.343593281656743,803
"桃園市蘆竹區",0.331062822788251,20705,41836,62541,0.507636245473958,"1","0","special municipality",0.957178307710931,0.225743355032239,0.65676557450559,0.117491070462171,1.92136605909061,43,0.670670869242581,0.389979942251317,1018
"桃園市龜山區",0.340690481588237,21039,40715,61754,0.49253618016431,"1","0","special municipality",0.968164179104478,0.215664267784965,0.648532233235002,0.135803498980033,1.58806120169757,43,0.661350229407909,0.364292476877139,884
"桃園市大園區",0.319482734119653,11241,23944,35185,0.499837618403248,"1","0","special municipality",1.03043872421087,0.240725206332025,0.622135029089433,0.137139764578541,1.75532754538279,43,0.663180833505261,0.304595626160512,812
"桃園市復興區",0.192361249254028,967,4060,5027,0.54454228957608,"1","0","special municipality",1.20881355932203,0.238796807857581,0.616942909760589,0.144260282381829,1.65531914893617,45,0.68812124790867,0.155201259718532,719
"桃園市大溪區",0.307197510050577,11844,26711,38555,0.528492048285112,"1","0","special municipality",1.02480620155039,0.226786625829505,0.611013272077591,0.162200102092905,1.39819040125885,45,0.661678881235242,0.301714117920546,783
"桃園市楊梅區",0.289311362078727,19418,47700,67118,0.510691212830906,"1","0","special municipality",0.990593802296728,0.236527032903319,0.630040585592115,0.133432381504566,1.77263592417576,43,0.667252753338271,0.370300634773399,847
"桃園市新屋區",0.280034969861501,6086,15647,21733,0.558163093027182,"1","0","special municipality",1.13827923750644,0.225375867386276,0.579703161141095,0.194920971472629,1.15624227441286,48,0.68049456898544,0.274370233418073,743
